{
    "projectTitle": "Head-Related Transfer Functions",
    "Mesh2HRTF_Path": "D:\\Mesh2HRTF-1.2.0\\mesh2hrtf",
    "Mesh2HRTF_Version": "1.2.0",
    "BEM_Type": "ML-FMM BEM",
    "exportPictures": false,
    "speedOfSound": 343.0,
    "densityOfMedium": 1.1839,
    "3D_SceneUnit": "mm",
    "evaluationGrids": [
        "ARI",
        "Default"
    ],
    "materialSearchPaths": "D:\\Mesh2HRTF-1.2.0\\mesh2hrtf\\Mesh2Input\\Materials\\Data",
    "materials": {
        "Skin": {
            "is_used": true,
            "index_start": 0,
            "index_end": 44620,
            "path": null
        },
        "Left ear": {
            "is_used": true,
            "index_start": 44621,
            "index_end": 44621,
            "path": null
        },
        "Right ear": {
            "is_used": false,
            "path": null
        }
    },
    "sourceType": "Left ear",
    "numSources": 1,
    "sourceCenter": [
        0.000188447505235672,
        0.06560470199584961,
        -0.002406754970550537
    ],
    "sourceArea": [
        2.7968131634700847e-07
    ],
    "reference": true,
    "computeHRIRs": true,
    "numFrequencies": 160,
    "frequencyStepSize": 150.0,
    "minFrequency": 150.0,
    "maxFrequency": 24000.0,
    "frequencies": [
        150.0,
        300.0,
        450.0,
        600.0,
        750.0,
        900.0,
        1050.0,
        1200.0,
        1350.0,
        1500.0,
        1650.0,
        1800.0,
        1950.0,
        2100.0,
        2250.0,
        2400.0,
        2550.0,
        2700.0,
        2850.0,
        3000.0,
        3150.0,
        3300.0,
        3450.0,
        3600.0,
        3750.0,
        3900.0,
        4050.0,
        4200.0,
        4350.0,
        4500.0,
        4650.0,
        4800.0,
        4950.0,
        5100.0,
        5250.0,
        5400.0,
        5550.0,
        5700.0,
        5850.0,
        6000.0,
        6150.0,
        6300.0,
        6450.0,
        6600.0,
        6750.0,
        6900.0,
        7050.0,
        7200.0,
        7350.0,
        7500.0,
        7650.0,
        7800.0,
        7950.0,
        8100.0,
        8250.0,
        8400.0,
        8550.0,
        8700.0,
        8850.0,
        9000.0,
        9150.0,
        9300.0,
        9450.0,
        9600.0,
        9750.0,
        9900.0,
        10050.0,
        10200.0,
        10350.0,
        10500.0,
        10650.0,
        10800.0,
        10950.0,
        11100.0,
        11250.0,
        11400.0,
        11550.0,
        11700.0,
        11850.0,
        12000.0,
        12150.0,
        12300.0,
        12450.0,
        12600.0,
        12750.0,
        12900.0,
        13050.0,
        13200.0,
        13350.0,
        13500.0,
        13650.0,
        13800.0,
        13950.0,
        14100.0,
        14250.0,
        14400.0,
        14550.0,
        14700.0,
        14850.0,
        15000.0,
        15150.0,
        15300.0,
        15450.0,
        15600.0,
        15750.0,
        15900.0,
        16050.0,
        16200.0,
        16350.0,
        16500.0,
        16650.0,
        16800.0,
        16950.0,
        17100.0,
        17250.0,
        17400.0,
        17550.0,
        17700.0,
        17850.0,
        18000.0,
        18150.0,
        18300.0,
        18450.0,
        18600.0,
        18750.0,
        18900.0,
        19050.0,
        19200.0,
        19350.0,
        19500.0,
        19650.0,
        19800.0,
        19950.0,
        20100.0,
        20250.0,
        20400.0,
        20550.0,
        20700.0,
        20850.0,
        21000.0,
        21150.0,
        21300.0,
        21450.0,
        21600.0,
        21750.0,
        21900.0,
        22050.0,
        22200.0,
        22350.0,
        22500.0,
        22650.0,
        22800.0,
        22950.0,
        23100.0,
        23250.0,
        23400.0,
        23550.0,
        23700.0,
        23850.0,
        24000.0
    ]
}